americanprep.org	186
wellnesslifezone.com	165
azorthopedic.com	82
smilevirtual.com	67
integrityfootandankle.com	65
drpravinsuryawanshi.com	47
apexfit.com	40
mandalynacademy.com	30
fsdpa.org	28
drjosephfield.com	28
corlettexpress.com	28
ravissantehealth.com	27
coreaestheticstraining.com	27
bodyrevolutionwellness.com	26
ascentintegrativemedicine.com	26
paramountspecialtytraining.com	23
medspabroomfield.com	23
pacific-obgyn.com	22
lavidaai.com	22
jumpstartmedical.care	22
utahtitle.com	21
neosaestheticacademy.com	20
healthandwellnessmedicalservices.com	20
elev8wellnesscenter.com	20
orthoifyortho.com	19
glamournailsandspa.com	19
drgrossman.com	19
faceitlive.org	17
calhounhealthandspine.com	16
thewinnerschool.com	15
santosh.yoga	15
rumaacademy.com	15
courses.myaestheticinstitute.com	15
artspahouse.com	15
zenithwellness.org	14
hudson-pt.com	14
faithfamhealth.com	14
bluesparkhealth.com	14
totalmskcare.com	13
texasveinandvascular.com	13
reshapehealthclinic.com	12
instituteforpainrelief.com	12
highlandshealthandwellness.com	12
equilibrium-handtherapy.com	12
aesthetic-intel.com	12
syringescience.com	11
niloura.com	11
jimenezgastro.com	10
reviveketaminecenters.com	9
cachevalleyent.com	9
colleenmaherartistry.com	6
southernazlaw.com	5
rockymountainsnowmobile.com	5
afivestarsmile.com	4
trinitylongevitycenters.com	3
mavenaesthetics.com	3
skinandaura.com	2
mattslocalpharmacy.com	2
ovillamed.com	1
vanityskinaesthetic.com	0
slsaesthetics.com	0
saiassethics.com	0
reevaspa.com	0
poonamedicalspa.com	0
nursemarni.com	0
microscalpclinic.com	0
maisondezenbk.com	0
lumify.com	0
g99.com	0
edenmedspatx.com	0
deeplyvitalmedical.com	0
covecreek.com	0
chiweilinmd.com	0
charissfamilyclinic.com	0
